{
  "Cen1": {
    "indices": {
      "T": 115,
      "I": 4,
      "J": 2,
      "M": 3,
      "C": 3,
      "N": 7
    },
    "conjuntos": {
      "TP": [
        0
      ],
      "CF": []
    },
    "parametros_modelo": {
      "K": 2720000.0,
      "H": 1e-06,
      "S0": 69452.21,
      "SW": 0.1,
      "S_MAX": 165285.0,
      "S_FLEX": 5000.0,
      "S_MIN_IDLE": 10000.0,
      "S_MIN_PROD": 20000.0,
      "BP": 100.0,
      "BG": 100.0,
      "Q1": 30000.0,
      "Q2": 150000.0,
      "PDEM": 1088000.0,
      "PSPEQ": 217600000.00000003,
      "PLOCK": 108800000000.00002,
      "SMIN_FLEX": 1.0,
      "BOGCTE": 1.0,
      "DOLAR": 5.44,
      "VH": [
        24273,
        48646.6,
        72919.6,
        97293.2,
        121566.2,
        145939.8,
        170212.8
      ],
      "VL": [
        0,
        24273,
        48646.6,
        72919.6,
        97293.2,
        121566.2,
        145939.8
      ],
      "BI": [
        29.1276,
        58.37592,
        87.50352,
        116.75184,
        145.87944,
        175.12776,
        204.25536
      ]
    },
    "parametros_por_contrato": {
      "0": {
        "INT": [
          [
            7,
            14
          ],
          [
            24,
            31
          ],
          [
            39,
            46
          ],
          [
            54,
            61
          ],
          [
            85,
            92
          ]
        ],
        "VT": 2954294.370023732,
        "CC_INI": 0,
        "CA_INI": 0,
        "TPH": [
          1865932.324106989,
          2487811.2889969847,
          2954294.370023732
        ],
        "TPL": [
          0.0,
          1865932.324106989,
          2487811.2889969847
        ],
        "LCH": [
          1865932.324106989,
          2487811.2889969847,
          2954294.370023732
        ],
        "LCL": [
          0.0,
          1865932.324106989,
          2487811.2889969847
        ]
      }
    }
  }
}